{
    "GreaterThan/1/dts": 0.503621562932116,
    "GreaterThan/1/sae": 0.28115016844061014,
    "GreaterThan/1/spl": 0.391918748315898,
    "GreaterThan/1/success": 0.725050916496945,
    "GreaterThan/5/dts": 0.6921614267678755,
    "GreaterThan/5/sae": 0.30428276956506023,
    "GreaterThan/5/spl": 0.3842189649438557,
    "GreaterThan/5/success": 0.6435045317220544,
    "done_count": 0.957,
    "ep_length": 22.076,
    "spl": 0.38486421084621186,
    "success": 0.727,
    "total_reward": 3.4970099999999924,
    "total_time": 0.30739907932281496
}