{
    "GreaterThan/1/dts": 0.5170953741957942,
    "GreaterThan/1/sae": 0.2840637095069218,
    "GreaterThan/1/spl": 0.3953214968827613,
    "GreaterThan/1/success": 0.7270875763747454,
    "GreaterThan/5/dts": 0.7066305558450348,
    "GreaterThan/5/sae": 0.31065943782045985,
    "GreaterThan/5/spl": 0.3913631373904787,
    "GreaterThan/5/success": 0.6555891238670695,
    "done_count": 0.958,
    "ep_length": 22.044,
    "spl": 0.3882057099388716,
    "success": 0.727,
    "total_reward": 3.4973699999999908,
    "total_time": 0.32431818652153016
}